<?xml version="1.0" encoding="utf-8"?>
<HotfixInstallationInfo xmlns:xsi="http://www.w3.org/2001/XMLSchema-instance" xmlns:xsd="http://www.w3.org/2001/XMLSchema">
  <Name>40e3c50c-4b3e-4c50-9e02-5005f798a68d</Name>
  <Description>Deployable package created from visual studio</Description>
  <InstallationDateTime>0001-01-01T00:00:00</InstallationDateTime>
  <InstallationInfoFilePath>C:\Users\Admine234ae9137\AppData\Local\Temp\tmpC45E.tmp\HotfixInstallationInfo.xml</InstallationInfoFilePath>
  <Version />
  <Publisher>Non-Microsoft</Publisher>
  <GeneratedFromAXMetadata>false</GeneratedFromAXMetadata>
  <Type>ApplicationPackage</Type>
  <IncludedDeployablePackages />
  <ServiceModelList />
  <OtherComponentList />
  <MetadataModuleRelease>Update43</MetadataModuleRelease>
  <MetadataModuleList>
    <string>rsfin.7.0.6009.91</string>
  </MetadataModuleList>
  <MetadataModelList />
  <PlatformReleaseDisplayName>Update43</PlatformReleaseDisplayName>
  <PlatformVersion>7.0.6009.91</PlatformVersion>
  <IsCompatibleWithSealedRelease>true</IsCompatibleWithSealedRelease>
  <IsCompatibleWithApp81PlusRelease>true</IsCompatibleWithApp81PlusRelease>
  <AllComponentList>
    <ArrayOfString>
      <string>AX Module</string>
      <string>rsfin.7.0.6009.91</string>
    </ArrayOfString>
  </AllComponentList>
</HotfixInstallationInfo>